sequence,category,gt_file,pred_file,gt_match_method,num_frames_gt,num_frames_pred,num_frames_eval,mean_iou,success_auc,mean_center_error_px,precision_20px
backpack1,Backpack,Backpack/backpack1/groundtruth_rect.txt,backpack1/backpack1_001.txt,path_list_or_leaf_index,600,2999,402,0.005937909531197306,0.05105425254678986,174.0588570476314,0.0
bag1,Bag,Bag/bag1/groundtruth_rect.txt,bag1/bag1_001.txt,path_list_or_leaf_index,600,699,600,0.0,0.047619047619047616,234.86303924957207,0.0
bag2,Bag,Bag/bag2/groundtruth_rect.txt,bag2/bag2_001.txt,path_list_or_leaf_index,600,2999,573,0.019684959317450727,0.06374137787750353,172.48632514531278,0.019197207678883072
bag3,Bag,Bag/bag3/groundtruth_rect.txt,bag3/bag3_001.txt,path_list_or_leaf_index,600,2999,600,0.010995951778834948,0.05563492063492064,125.39267480666442,0.005
bag4,Bag,Bag/bag4/groundtruth_rect.txt,bag4/bag4_001.txt,path_list_or_leaf_index,600,2999,568,0.003915473134978622,0.050637156270959105,195.78084958260396,0.0017605633802816902
balloon1,Balloon,Balloon/balloon1/groundtruth_rect.txt,balloon1/balloon1_001.txt,path_list_or_leaf_index,600,2999,600,0.007065047267468943,0.05111111111111112,139.05617396661896,0.0
basket1,Container,Container/basket1/groundtruth_rect.txt,basket1/basket1_001.txt,path_list_or_leaf_index,600,2999,600,0.07985471302762713,0.1130952380952381,76.14773532850289,0.065
basketball1,Human,Human/human4/groundtruth_rect.txt,basketball1/basketball1_001.txt,shadow_init_bbox,600,2999,591,0.013224397533002015,0.05777133188300701,112.8680997045678,0.030456852791878174
bicycle1,Bicycle,Bicycle/bicycle1/groundtruth_rect.txt,bicycle1/bicycle1_001.txt,path_list_or_leaf_index,600,2999,600,0.017965810568479273,0.06158730158730158,230.69055369371694,0.0
bicycle2,Bicycle,Bicycle/bicycle2/groundtruth_rect.txt,bicycle2/bicycle2_001.txt,path_list_or_leaf_index,600,2999,600,0.02953024047622689,0.07023809523809522,319.5852935553113,0.01
board1,Board,Board/board1/groundtruth_rect.txt,board1/board1_001.txt,path_list_or_leaf_index,600,2999,600,0.1768175023930222,0.2006349206349206,124.51430003956627,0.021666666666666667
book1,Book,Book/book1/groundtruth_rect.txt,book1/book1_001.txt,path_list_or_leaf_index,600,2999,600,0.05943021979540075,0.08714285714285713,86.54603176080425,0.0
bowl1,Bowl,Bowl/bowl1/groundtruth_rect.txt,bowl1/bowl1_001.txt,path_list_or_leaf_index,600,2999,598,0.0,0.047619047619047616,323.58968557711023,0.0
box1,Box,Box/box1/groundtruth_rect.txt,box1/box1_001.txt,path_list_or_leaf_index,600,2999,515,0.0037718934319761165,0.05030050855293573,124.61520781330695,0.003883495145631068
box2,Box,Box/box2/groundtruth_rect.txt,box2/box2_001.txt,path_list_or_leaf_index,600,2999,590,0.057519370722602756,0.09200968523002422,121.89001068676147,0.03728813559322034
buggy1,Buggy,Buggy/buggy1/groundtruth_rect.txt,buggy1/buggy1_001.txt,path_list_or_leaf_index,600,499,499,0.0,0.047619047619047616,249.05705267722303,0.0
cart1,Cart,Cart/cart1/groundtruth_rect.txt,cart1/cart1_001.txt,path_list_or_leaf_index,600,499,499,0.0,0.047619047619047616,402.2671493161419,0.0
cart2,Cart,Cart/cart2/groundtruth_rect.txt,cart2/cart2_001.txt,path_list_or_leaf_index,600,499,499,0.0,0.047619047619047616,289.54390117032864,0.0
chair1,Chair,Chair/chair1/groundtruth_rect.txt,chair1/chair1_001.txt,path_list_or_leaf_index,600,2999,600,0.051130307386655305,0.08515873015873016,83.90529168892559,0.03666666666666667
cola1,Bottle,Bottle/bottle2/groundtruth_rect.txt,cola1/cola1_001.txt,shadow_init_bbox_bottle_l1,600,2999,600,0.019918611465129007,0.06357142857142857,174.92760094392136,0.018333333333333333
deer1,Animal,Animal/deer1/groundtruth_rect.txt,deer1/deer1_001.txt,path_list_or_leaf_index,600,1199,600,0.10324900031554635,0.13484126984126987,119.4911234351535,0.07666666666666666
doll1,Doll,Doll/doll1/groundtruth_rect.txt,doll1/doll1_001.txt,path_list_or_leaf_index,600,2999,600,0.061290283368763014,0.09373015873015873,67.34661069980812,0.03833333333333333
doll2,Doll,Doll/doll2/groundtruth_rect.txt,doll2/doll2_001.txt,path_list_or_leaf_index,600,2999,600,0.060065554986138955,0.09174603174603174,82.89388279072828,0.045
extinguisher1,Cup,Cup/cup2/groundtruth_rect.txt,extinguisher1/extinguisher1_001.txt,shadow_init_bbox,600,2999,598,0.007839351685879264,0.05454690237298935,152.3376637033262,0.015050167224080268
girl1,Human,Human/human24/groundtruth_rect.txt,girl1/girl1_001.txt,shadow_init_bbox_l1_tiebreak,600,2999,600,0.060023620338423005,0.09484126984126984,180.6401271573975,0.008333333333333333
hub1,Besom,Besom/besom3/groundtruth_rect.txt,hub1/hub1_001.txt,shadow_init_bbox,600,2999,537,0.01375448347633255,0.057994147379622225,139.32446084932315,0.0111731843575419
kid1,Human,Human/human154/groundtruth_rect.txt,kid1/kid1_001.txt,shadow_init_bbox,600,1199,600,0.017227313657496916,0.061428571428571443,148.05933003515833,0.0033333333333333335
kid2,Human,Human/human116/groundtruth_rect.txt,kid2/kid2_001.txt,shadow_init_bbox,600,999,600,0.0022391117139430716,0.04960317460317457,142.39712173879647,0.006666666666666667
kid3,Human,Human/human26/groundtruth_rect.txt,kid3/kid3_001.txt,shadow_init_bbox,600,2999,526,0.008207867626783695,0.05323193916349809,261.4662172781525,0.028517110266159697
lamp1,Lamp,Lamp/lamp1/groundtruth_rect.txt,lamp1/lamp1_001.txt,path_list_or_leaf_index,600,2999,600,0.15066990548524392,0.17547619047619042,81.6054792178915,0.10333333333333333
leaf1,Leaf,Leaf/leaf1/groundtruth_rect.txt,leaf1/leaf1_001.txt,path_list_or_leaf_index,600,2999,600,0.0017956701854259737,0.0488095238095238,158.69871370201312,0.0
leaf2,Leaf,Leaf/leaf2/groundtruth_rect.txt,leaf2/leaf2_001.txt,path_list_or_leaf_index,600,2999,554,0.003718803097506758,0.04985387656867801,214.67958641767967,0.0
man1,Human,Human/human7/groundtruth_rect.txt,man1/man1_001.txt,shadow_init_bbox,600,2999,570,0.02334174168451837,0.06716791979949875,151.15641804210637,0.0
man2,Human,Human/human12/groundtruth_rect.txt,man2/man2_001.txt,shadow_init_bbox_l1_tiebreak,600,2999,600,0.040335850579049565,0.0819047619047619,247.70994630681614,0.01
monkey1,Animal,Animal/monkey1/groundtruth_rect.txt,monkey1/monkey1_001.txt,path_list_or_leaf_index,600,1099,566,0.0,0.047619047619047616,299.91646890205294,0.0
monkey2,Animal,Animal/monkey2/groundtruth_rect.txt,monkey2/monkey2_001.txt,path_list_or_leaf_index,600,599,594,0.011040682544108974,0.05587622254288921,67.52231192360233,0.03872053872053872
monkey3,Animal,Animal/monkey3/groundtruth_rect.txt,monkey3/monkey3_001.txt,path_list_or_leaf_index,600,599,599,0.0,0.047619047619047616,170.23370480028734,0.0
pear1,Fruit,Fruit/pear1/groundtruth_rect.txt,pear1/pear1_001.txt,path_list_or_leaf_index,600,2999,592,0.0038110944698727615,0.05043436293436294,193.36635678815793,0.0016891891891891893
pigeon1,Animal,Animal/pigeon1/groundtruth_rect.txt,pigeon1/pigeon1_001.txt,path_list_or_leaf_index,600,799,590,2.589660665740757e-05,0.047619047619047616,202.19399642765856,0.0
pigeon2,Animal,Animal/pigeon2/groundtruth_rect.txt,pigeon2/pigeon2_001.txt,path_list_or_leaf_index,600,1099,599,0.0036207343627488627,0.050321965180061996,290.9312309002925,0.011686143572621035
pigeon3,Animal,Animal/pigeon3/groundtruth_rect.txt,pigeon3/pigeon3_001.txt,path_list_or_leaf_index,600,2899,600,0.0182727533130857,0.062460317460317466,137.4786651661768,0.013333333333333334
pillow1,Pillow,Pillow/pillow1/groundtruth_rect.txt,pillow1/pillow1_001.txt,path_list_or_leaf_index,600,2999,560,0.02392403081210704,0.06437074829931973,152.70991435188765,0.017857142857142856
red_panda1,Animal,Animal/red_panda1/groundtruth_rect.txt,red_panda1/red_panda1_001.txt,path_list_or_leaf_index,600,2999,600,0.006833049708304972,0.05206349206349206,416.4337010007097,0.0
red_panda2,Animal,Animal/red_panda2/groundtruth_rect.txt,red_panda2/red_panda2_001.txt,path_list_or_leaf_index,600,999,600,0.012632986168031025,0.055952380952380955,162.80599082747923,0.0
red_panda3,Animal,Animal/red_panda3/groundtruth_rect.txt,red_panda3/red_panda3_001.txt,path_list_or_leaf_index,600,1999,600,0.012376792121090701,0.05563492063492063,193.73417733906314,0.0033333333333333335
tiger1,Animal,Animal/tiger1/groundtruth_rect.txt,tiger1/tiger1_001.txt,path_list_or_leaf_index,600,2599,600,0.0,0.047619047619047616,197.48753759452165,0.0
tiger2,Animal,Animal/tiger2/groundtruth_rect.txt,tiger2/tiger2_001.txt,path_list_or_leaf_index,600,599,599,0.006631148328810343,0.05246839971380871,131.8696961877639,0.015025041736227046
toy1,Toy,Toy/toy1/groundtruth_rect.txt,toy1/toy1_001.txt,path_list_or_leaf_index,600,2999,600,0.0017660931002009257,0.04865079365079365,180.6575935040749,0.0033333333333333335
trashcan1,Trashcan,Trashcan/trashcan1/groundtruth_rect.txt,trashcan1/trashcan1_001.txt,path_list_or_leaf_index,600,2999,508,0.0035699730883029177,0.04968128983877015,198.81883970463272,0.0
tshirt1,Clothes,Clothes/tshirt1/groundtruth_rect.txt,tshirt1/tshirt1_001.txt,path_list_or_leaf_index,600,2999,570,0.10623042224470786,0.1294903926482874,114.26412811371695,0.0017543859649122807
